1,one,ˆê,mnemonic
2,two,“ñ,mnemonic
3,three,O,mnemonic
4,four,l,mnemonic
5,five,ŒÜ,mnemonic
6,six,˜Z,mnemonic
7,seven,µ,mnemonic
8,eight,”ª,mnemonic
9,nine,‹ã,mnemonic
10,ten,\,mnemonic
11,mouth,Œû,mnemonic
12,day,“ú,mnemonic
13,month,Œ,mnemonic
14,rice field,“c,mnemonic
15,eye,–Ú,mnemonic
16,old,ŒÃ,mnemonic
17,I,Œá,mnemonic
18,risk,–`,mnemonic
19,companion,•ü,mnemonic
20,bright,–¾,mnemonic
21,chan,¥,mnemonic
22,sparkle,»,mnemonic
23,goods,•i,mnemonic
24,spine,˜C,mnemonic
25,prosperous,¹,mnemonic
26,early,‘,mnemonic
27,rising sun,ˆ®,mnemonic
28,generation,¢,mnemonic
29,stomach,ˆİ,mnemonic
30,nightbreak,’U,mnemonic
31,gall bladder,’_,mnemonic
32,span,˜j,mnemonic
33,concave,‰š,mnemonic
34,convex,“Ê,mnemonic
35,olden times,‹Œ,mnemonic
36,oneself,©,mnemonic
37,white,”’,mnemonic
38,hundred,•S,mnemonic
39,in,’†,mnemonic
40,thousand,ç,mnemonic
41,tongue,ã,mnemonic
42,measuring box,¡,mnemonic
43,rise up,¸,mnemonic
44,round,ŠÛ,mnemonic
45,measurement,¡,mnemonic
46,specialty,ê,mnemonic
47,Dr.,”,mnemonic
48,fortune telling,è,mnemonic
49,above,ã,mnemonic
50,below,‰º,mnemonic
51,eminent,‘ì,mnemonic
52,morning,’©,mnemonic
53,only,‘ü,mnemonic
54,shellfish,ŠL,mnemonic
55,upright,’å,mnemonic
56,employee,ˆõ,mnemonic
57,see,Œ©,mnemonic
58,newborn babe,™,mnemonic
59,beginning,Œ³,mnemonic
60,page,•Å,mnemonic
61,stubborn,Šæ,mnemonic
62,mediocre,–},mnemonic
63,defeat,•‰,mnemonic
64,ten thousand,–œ,mnemonic
65,phrase,‹å,mnemonic
66,texture,”§,mnemonic
67,decameron,{,mnemonic
68,ladle,Ù,mnemonic
69,bull's eye,“I,mnemonic
70,neck,ñ,mnemonic
71,fishguts,‰³,mnemonic
72,riot,—,mnemonic
73,straightaway,’¼,mnemonic
74,tool,‹ï,mnemonic
75,TRUE,^,mnemonic
76,craft,H,mnemonic
77,left,¶,mnemonic
78,right,‰E,mnemonic
79,possess,—L,mnemonic
80,bribe,˜d,mnemonic
81,tribute,v,mnemonic
82,paragraph,€,mnemonic
83,sword,“,mnemonic
84,blade,n,mnemonic
85,cut,Ø,mnemonic
86,seduce,¢,mnemonic
87,shining,º,mnemonic
88,rule,‘¥,mnemonic
89,vice ,•›,mnemonic
90,separate,•Ê,mnemonic
91,street,’š,mnemonic
92,village,’¬,mnemonic
93,can,‰Â,mnemonic
94,place on the head,’¸,mnemonic
95,child,q,mnemonic
96,cavity,E,mnemonic
97,complete,—¹,mnemonic
98,woman,—,mnemonic
99,fond,D,mnemonic
100,likeness,”@,mnemonic
101,mama,•ê,mnemonic
102,pierce,ŠÑ,mnemonic
103,elder brother,ŒZ,mnemonic
104,overcome,,mnemonic
105,little,¬,mnemonic
106,few,­,mnemonic
107,large,‘å,mnemonic
108,many,‘½,mnemonic
109,evening,—[,mnemonic
110,eventide,¬,mnemonic
111,outside,ŠO,mnemonic
112,name,–¼,mnemonic
113,stone,Î,mnemonic
114,resemblance,Ñ,mnemonic
115,nitrate,É,mnemonic
116,smash,Ó,mnemonic
117,sand,»,mnemonic
118,plane,í,mnemonic
119,ray,Œõ,mnemonic
120,plump,‘¾,mnemonic
121,utensil,Ší,mnemonic
122,stinking,L,mnemonic
123,exquisite,–­,mnemonic
124,focus,È,mnemonic
125,thick,Œú,mnemonic
126,strange,Šï,mnemonic
127,stream,ì,mnemonic
128,state,B,mnemonic
129,obey,‡,mnemonic
130,water,…,mnemonic
131,icicle,•X,mnemonic
132,eternity,‰i,mnemonic
133,spring,ò,mnemonic
134,meadow,Œ´,mnemonic
135,petition,Šè,mnemonic
136,swim,‰j,mnemonic
137,marsh,À,mnemonic
138,open sea,‰«,mnemonic
139,creek,],mnemonic
140,soup,`,mnemonic
141,tide,’ª,mnemonic
142,source,Œ¹,mnemonic
143,lively,Šˆ,mnemonic
144,extinguish,Á,mnemonic
145,but of course,‹µ,mnemonic
146,river,‰Í,mnemonic
147,overnight,”‘,mnemonic
148,lake,ŒÎ,mnemonic
149,fathom,‘ª,mnemonic
150,soil,“y,mnemonic
151,spit,“f,mnemonic
152,pressure,ˆ³,mnemonic
153,cape,é,mnemonic
154,hedge,Š_,mnemonic
155,square jewel,Œ\,mnemonic
156,seal,••,mnemonic
157,horizon,ŠU,mnemonic
158,Buddhist temple,›,mnemonic
159,time,,mnemonic
160,level,‹Ï,mnemonic
161,fire,‰Î,mnemonic
162,inflammation,‰Š,mnemonic
163,anxiety,”Ï,mnemonic
164,thin,’W,mnemonic
165,lamp,“”,mnemonic
166,farm,”¨,mnemonic
167,disaster,Ğ,mnemonic
168,ashes,ŠD,mnemonic
169,spot,“_,mnemonic
170,illuminate,Æ,mnemonic
171,fish,‹›,mnemonic
172,fishing,‹™,mnemonic
173,ri,—¢,mnemonic
174,black,•,mnemonic
175,black ink,–n,mnemonic
176,carp,Œï,mnemonic
177,quantity,—Ê,mnemonic
178,rin,—Ğ,mnemonic
179,bury,–„,mnemonic
180,same,“¯,mnemonic
181,den,“´,mnemonic
182,trunk,“·,mnemonic
183,yonder,Œü,mnemonic
184,esteem,®,mnemonic
185,character,š,mnemonic
186,guard,ç,mnemonic
187,perfect,Š®,mnemonic
188,proclaim,é,mnemonic
189,wee hours,ª,mnemonic
190,relax,ˆÀ,mnemonic
191,banquet,‰ƒ,mnemonic
192,draw,near,mnemonic
193,wealth,•x,mnemonic
194,savings,’™,mnemonic
195,tree,–Ø,mnemonic
196,grove,—Ñ,mnemonic
197,forest,X,mnemonic
198,Japanese Judas tree,Œj,mnemonic
199,oak,”,mnemonic
200,frame,˜g,mnemonic
201,treetops,½,mnemonic
202,shelf,’I,mnemonic
203,apricot,ˆÇ,mnemonic
204,paulownia,‹Ë,mnemonic
205,plant,A,mnemonic
206,wither,ŒÍ,mnemonic
207,crude,–p,mnemonic
208,town,‘º,mnemonic
209,inter ,‘Š,mnemonic
210,desk,Š÷,mnemonic
211,book,–{,mnemonic
212,tag,D,mnemonic
213,calendar,—ï,mnemonic
214,plan,ˆÄ,mnemonic
215,parch,‘‡,mnemonic
216,not yet,–¢,mnemonic
217,extremity,––,mnemonic
218,splash,–—,mnemonic
219,flavor,–¡,mnemonic
220,younger sister,–…,mnemonic
221,vermilion,é,mnemonic
222,stocks,Š”,mnemonic
223,young,á,mnemonic
224,grass,‘,mnemonic
225,suffering,‹ê,mnemonic
226,tolerant,Š°,mnemonic
227,dilute,”–,mnemonic
228,leaf,—t,mnemonic
229,imitation,–Í,mnemonic
230,vague,”™,mnemonic
231,grave,•æ,mnemonic
232,livelihood,•é,mnemonic
233,membrane,–Œ,mnemonic
234,seedling,•c,mnemonic
235,portent,’›,mnemonic
236,peach tree,“,mnemonic
237,stare,’­,mnemonic
238,dog,Œ¢,mnemonic
239,status quo,ó,mnemonic
240,silence,–Ù,mnemonic
241,sort of thing,‘R,mnemonic
242,reed,‰¬,mnemonic
243,hunt,ë,mnemonic
244,cat,”L,mnemonic
245,cow,‹,mnemonic
246,special,“Á,mnemonic
247,revelation,,mnemonic
248,before,æ,mnemonic
249,wash,ô,mnemonic
250,jammed in,‰î,mnemonic
251,world,ŠE,mnemonic
252,tea,’ƒ,mnemonic
253,fit,‡,mnemonic
254,pagoda,“ƒ,mnemonic
255,king,‰¤,mnemonic
256,jewel,‹Ê,mnemonic
257,treasure,•ó,mnemonic
258,pearl,ì,mnemonic
259,present,Œ»,mnemonic
260,lunatic,‹¶,mnemonic
261,emperor,c,mnemonic
262,display,’æ,mnemonic
263,whole,‘S,mnemonic
264,plug,ğ,mnemonic
265,logic,—,mnemonic
266,lord,å,mnemonic
267,pour,’,mnemonic
268,pillar,’Œ,mnemonic
269,gold,‹à,mnemonic
270,pig iron,‘L,mnemonic
271,bowl,”«,mnemonic
272,copper,“º,mnemonic
273,angling,’Ş,mnemonic
274,needle,j,mnemonic
275,inscription,–Á,mnemonic
276,tranquilize,’Á,mnemonic
277,road way,“¹,mnemonic
278,guidance,“±,mnemonic
279,crossing,’Ò,mnemonic
280,swift,v,mnemonic
281,create,‘¢,mnemonic
282,urge,”—,mnemonic
283,escape,“¦,mnemonic
284,environs,•Ó,mnemonic
285,patrol,„,mnemonic
286,car,Ô,mnemonic
287,take along,˜A,mnemonic
288,rut,‹O,mnemonic
289,transport,—A,mnemonic
290,in front,‘O,mnemonic
291,each,Še,mnemonic
292,status,Ši,mnemonic
293,abbreviation,—ª,mnemonic
294,guest,‹q,mnemonic
295,forehead,Šz,mnemonic
296,summer,‰Ä,mnemonic
297,dispose,ˆ,mnemonic
298,twig,ğ,mnemonic
299,fall,—,mnemonic
300,superfluous,ç,mnemonic
301,army,ŒR,mnemonic
302,radiance,‹P,mnemonic
303,carry,‰^,mnemonic
304,crown,Š¥,mnemonic
305,dream,–²,mnemonic
306,pit,B,mnemonic
307,tall,‚,mnemonic
308,receive,‹,mnemonic
309,cram school,m,mnemonic
310,mellow,n,mnemonic
311,pavilion,’à,mnemonic
312,capital,‹,mnemonic
313,refreshing,—Á,mnemonic
314,scenery,Œi,mnemonic
315,whale,Œ~,mnemonic
316,cottage,É,mnemonic
317,circumference,ü,mnemonic
318,week,T,mnemonic
319,gentleman,m,mnemonic
320,good luck,‹g,mnemonic
321,robust,‘s,mnemonic
322,villa,‘‘,mnemonic
323,sell,”„,mnemonic
324,study,Šw,mnemonic
325,memorize,Šo,mnemonic
326,flourish,‰h,mnemonic
327,write,‘,mnemonic
328,haven,’Ã,mnemonic
329,breed,–q,mnemonic
330,aggression,U,mnemonic
331,failure,”s,mnemonic
332,sheet of...,–‡,mnemonic
333,happenstance,ŒÌ,mnemonic
334,awe,Œh,mnemonic
335,say,Œ¾,mnemonic
336,admonish,Œx,mnemonic
337,plot,Œv,mnemonic
338,prison,–,mnemonic
339,revise,’ù,mnemonic
340,chastise,“¢,mnemonic
341,instruction,ŒP,mnemonic
342,imperial edict,Ù,mnemonic
343,packed,‹l,mnemonic
344,tale,˜b,mnemonic
345,recitation,‰r,mnemonic
346,poem,,mnemonic
347,word,Œê,mnemonic
348,read,“Ç,mnemonic
349,tune,’²,mnemonic
350,discuss,’k,mnemonic
351,consent,‘ø,mnemonic
352,rebuke,—@,mnemonic
353,style,®,mnemonic
354,test,,mnemonic
355,II,“ó,mnemonic
356,range,ˆæ,mnemonic
357,burglar,‘¯,mnemonic
358,plantation,Í,mnemonic
359,load,Ú,mnemonic
360,overgrown,–Î,mnemonic
361,turn into,¬,mnemonic
362,castle,é,mnemonic
363,sincerity,½,mnemonic
364,intimidate,ˆĞ,mnemonic
365,destroy,–Å,mnemonic
366,dwindle,Œ¸,mnemonic
367,scaffold,V,mnemonic
368,coin,‘K,mnemonic
369,shallow,ó,mnemonic
370,stop,~,mnemonic
371,walk,•à,mnemonic
372,ford,Â,mnemonic
373,repeatedly,•p,mnemonic
374,agreement,m,mnemonic
375,undertake,Šé,mnemonic
376,curriculum,—ğ,mnemonic
377,warrior,•,mnemonic
378,levy,•Š,mnemonic
379,correct,³,mnemonic
380,evidence,Ø,mnemonic
381,politics,­,mnemonic
382,determine,’è,mnemonic
383,lock,ù,mnemonic
384,run,‘–,mnemonic
385,transcend,’´,mnemonic
386,proceed,•‹,mnemonic
387,surpass,‰z,mnemonic
388,just,so,mnemonic
389,topic,‘è,mnemonic
390,dike,’ç,mnemonic
391,build,Œš,mnemonic
392,prolong,‰„,mnemonic
393,nativity,’a,mnemonic
394,cornerstone,‘b,mnemonic
395,bridegroom,–¹,mnemonic
396,garment,ˆß,mnemonic
397,tailor,Ù,mnemonic
398,attire,‘•,mnemonic
399,back,— ,mnemonic
400,demolition,‰ó,mnemonic
401,pathetic,ˆ£,mnemonic
402,distant,‰“,mnemonic
403,monkey,‰,mnemonic
404,first time,‰,mnemonic
405,linen,•z,mnemonic
406,sail,”¿,mnemonic
407,hanging scroll,•,mnemonic
408,cap,–X,mnemonic
409,curtain,–‹,mnemonic
410,canopy,–y,mnemonic
411,brocade,‹Ñ,mnemonic
412,market,s,mnemonic
413,elder sister,o,mnemonic
414,lungs,”x,mnemonic
415,sash,‘Ñ,mnemonic
416,stagnate,‘Ø,mnemonic
417,thorn,h,mnemonic
418,system,§,mnemonic
419,made in...,»,mnemonic
420,revolve,“],mnemonic
421,technique,Œ|,mnemonic
422,rain,‰J,mnemonic
423,cloud,‰_,mnemonic
424,cloudy weather,“Ü,mnemonic
425,thunder,—‹,mnemonic
426,frost,‘š,mnemonic
427,winter,“~,mnemonic
428,heavens,“V,mnemonic
429,bridge,‹´,mnemonic
430,attractive,›g,mnemonic
431,stand up,—§,mnemonic
432,cry,‹ƒ,mnemonic
433,badge,Í,mnemonic
434,vie,‹£,mnemonic
435,sovereign,’é,mnemonic
436,juvenile,“¶,mnemonic
437,pupil,“µ,mnemonic
438,bell,à,mnemonic
439,make a deal,¤,mnemonic
440,legitimate wife,’„,mnemonic
441,suitable,“K,mnemonic
442,drip,“H,mnemonic
443,enemy,“G,mnemonic
444,spoon,™¶,mnemonic
445,north,–k,mnemonic
446,stature,”w,mnemonic
447,compare,”ä,mnemonic
448,descendants,©,mnemonic
449,all,ŠF,mnemonic
450,mix,¬,mnemonic
451,thirst,Š‰,mnemonic
452,audience,‰y,mnemonic
453,brown,ŠŒ,mnemonic
454,hoarse,Š…,mnemonic
455,delicious,|,mnemonic
456,fat,‰,mnemonic
457,I one,ˆë,mnemonic
458,every,–ˆ,mnemonic
459,cleverness,•q,mnemonic
460,plum,”~,mnemonic
461,sea,ŠC,mnemonic
462,beg,Œî,mnemonic
463,drought,Š£,mnemonic
464,abdomen,• ,mnemonic
465,duplicate,•¡,mnemonic
466,lack,Œ‡,mnemonic
467,blow,,mnemonic
468,cook,†,mnemonic
469,song,‰Ì,mnemonic
470,soft,“î,mnemonic
471,next,Ÿ,mnemonic
472,briar,ˆï,mnemonic
473,assets,‘,mnemonic
474,figure,p,mnemonic
475,consult with,,mnemonic
476,compensation,”…,mnemonic
477,cultivate,”|,mnemonic
478,divide,–U,mnemonic
479,sound,‰¹,mnemonic
480,darkness,ˆÃ,mnemonic
481,rhyme,‰C,mnemonic
482,discriminating,¯,mnemonic
483,mirror,‹¾,mnemonic
484,boundary,‹«,mnemonic
485,deceased,–S,mnemonic
486,blind,–Ó,mnemonic
487,delusion,–Ï,mnemonic
488,laid waste,r,mnemonic
489,ambition,–],mnemonic
490,direction,•û,mnemonic
491,disturb,–W,mnemonic
492,boy,–V,mnemonic
493,perfume,–F,mnemonic
494,obese,–b,mnemonic
495,call on,–K,mnemonic
496,set free,•ú,mnemonic
497,violent,Œƒ,mnemonic
498,undress,’E,mnemonic
499,rumor,à,mnemonic
500,pointed,‰s,mnemonic
501,formerly,‘],mnemonic
502,increase,‘,mnemonic
503,presents,‘¡,mnemonic
504,east,“Œ,mnemonic
505,ridgepole,“,mnemonic
506,frozen,“€,mnemonic
507,pregnancy,”D,mnemonic
508,courts,’ì,mnemonic
509,dye,õ,mnemonic
510,burn,”R,mnemonic
511,V.I.P.,•o,mnemonic
512,year-end,Î,mnemonic
513,prefecture,Œ§,mnemonic
514,horse chestnut,“È,mnemonic
515,ground,’n,mnemonic
516,pond,’r,mnemonic
517,insect,’,mnemonic
518,lightning-bug,Œu,mnemonic
519,snake,Ö,mnemonic
520,rainbow,“ø,mnemonic
521,butterfly,’±,mnemonic
522,single,“Æ,mnemonic
523,silkworm,\,mnemonic
524,wind,•—,mnemonic
525,self,ŒÈ,mnemonic
526,rouse,‹N,mnemonic
527,queen,”Ü,mnemonic
528,reformation,‰ü,mnemonic
529,scribe,‹L,mnemonic
530,wrap,•ï,mnemonic
531,placenta,–E,mnemonic
532,cannon,–C,mnemonic
533,bubbles,–A,mnemonic
534,tortoise,‹T,mnemonic
535,electricity,“d,mnemonic
536,dragon,—³,mnemonic
537,waterfall,‘ê,mnemonic
538,pork,“Ø,mnemonic
539,pursue,’€,mnemonic
540,consummate,‹,mnemonic
541,house,‰Æ,mnemonic
542,marry into,‰Å,mnemonic
543,overpowering,‹,mnemonic
544,intestines,’°,mnemonic
545,location,ê,mnemonic
546,hot water,“’,mnemonic
547,sheep,—r,mnemonic
548,beauty,”ü,mnemonic
549,ocean,—m,mnemonic
550,detailed,Ú,mnemonic
551,fresh,‘N,mnemonic
552,accomplished,’B,mnemonic
553,envious,‘A,mnemonic
554,distinction,·,mnemonic
555,don,’…,mnemonic
556,solely,—B,mnemonic
557,char,Å,mnemonic
558,reef,Ê,mnemonic
559,gather,W,mnemonic
560,quasi-,y,mnemonic
561,advance,i,mnemonic
562,miscellaneous,G,mnemonic
563,feminine,“,mnemonic
564,semi-,€,mnemonic
565,stirred up,•±,mnemonic
566,rob,’D,mnemonic
567,assurance,Šm,mnemonic
568,noon,Œß,mnemonic
569,permit,‹–,mnemonic
570,delight,Š½,mnemonic
571,authority,Œ ,mnemonic
572,outlook,ŠÏ,mnemonic
573,feathers,‰H,mnemonic
574,learn,K,mnemonic
575,the following,—‚,mnemonic
576,weekday,—j,mnemonic
577,laundry,‘ó,mnemonic
578,sayeth,H,mnemonic
579,quandary,¢,mnemonic
580,harden,ŒÅ,mnemonic
581,country,‘,mnemonic
582,group,’c,mnemonic
583,cause,ˆö,mnemonic
584,matrimony,ˆ÷,mnemonic
585,park,‰€,mnemonic
586,#NAME?,‰ñ,mnemonic
587,podium,’d,mnemonic
588,store,“X,mnemonic
589,warehouse,ŒÉ,mnemonic
590,courtyard,’ë,mnemonic
591,government office,’¡,mnemonic
592,bed,°,mnemonic
593,hemp,–ƒ,mnemonic
594,grind,–,mnemonic
595,heart,S,mnemonic
596,forget,–Y,mnemonic
597,endure,”E,mnemonic
598,acknowledge,”F,mnemonic
599,mourning,Šõ,mnemonic
600,intention,u,mnemonic
601,document,,mnemonic
602,loyalty,’‰,mnemonic
603,shish-kebab,‹ø,mnemonic
604,afflicted,Š³,mnemonic
605,think,v,mnemonic
606,grace,‰¶,mnemonic
607,apply,‰,mnemonic
608,idea,ˆÓ,mnemonic
609,concept,‘z,mnemonic
610,breath,‘§,mnemonic
611,recess,Œe,mnemonic
612,favor,Œb,mnemonic
613,fear,‹°,mnemonic
614,beguile,˜f,mnemonic
615,emotion,Š´,mnemonic
616,melancholy,—J,mnemonic
617,widow,‰Ç,mnemonic
618,busy,–Z,mnemonic
619,ecstasy,‰x,mnemonic
620,constancy,P,mnemonic
621,lament,“‰,mnemonic
622,enlightenment,Œå,mnemonic
623,dreadful,•|,mnemonic
624,disconcerted,Q,mnemonic
625,repent,‰÷,mnemonic
626,hate,‘,mnemonic
627,accustomed,Šµ,mnemonic
628,pleasure,–ù,mnemonic
629,lazy,‘Ä,mnemonic
630,humility,T,mnemonic
631,remorse,Š¶,mnemonic
632,recollection,‰¯,mnemonic
633,pining,•ç,mnemonic
634,annexed,“Y,mnemonic
635,invariably,•K,mnemonic
636,ooze,”å,mnemonic
637,hand,è,mnemonic
638,watch over,ŠÅ,mnemonic
639,chafe,–€,mnemonic
640,ego,‰ä,mnemonic
641,righteousness,‹`,mnemonic
642,deliberation,‹c,mnemonic
643,sacrifice,‹],mnemonic
644,rub,–•,mnemonic
645,embrace,•ø,mnemonic
646,board,“‹,mnemonic
647,extract,´,mnemonic
648,confront,R,mnemonic
649,criticism,”á,mnemonic
650,beckon,µ,mnemonic
651,clear the land,‘ñ,mnemonic
652,clap,”,mnemonic
653,strike,‘Å,mnemonic
654,arrest,S,mnemonic
655,discard,Ì,mnemonic
656,kidnap,‰û,mnemonic
657,pinch,“E,mnemonic
658,challenge,’§,mnemonic
659,finger,w,mnemonic
660,hold,,mnemonic
661,fasten,Š‡,mnemonic
662,brandish,Šö,mnemonic
663,conjecture,„,mnemonic
664,hoist,—g,mnemonic
665,propose,’ñ,mnemonic
666,damage,‘¹,mnemonic
667,pick up,E,mnemonic
668,shouldering,’S,mnemonic
669,foothold,‹’,mnemonic
670,sketch,•`,mnemonic
671,maneuver,‘€,mnemonic
672,touch,Ú,mnemonic
673,put up a notice,Œf,mnemonic
674,hang,Š|,mnemonic
675,polish,Œ¤,mnemonic
676,commandment,‰ú,mnemonic
677,contraption,ŠB,mnemonic
678,nose,•@,mnemonic
679,punish,ŒY,mnemonic
680,mould,Œ^,mnemonic
681,genius,Ë,mnemonic
682,property,à,mnemonic
683,lumber,Ş,mnemonic
684,suppose,‘¶,mnemonic
685,exist,İ,mnemonic
686,from,”T,mnemonic
687,portable,Œg,mnemonic
688,reach out,‹y,mnemonic
689,suck,‹z,mnemonic
690,handle,ˆµ,mnemonic
691,length,ä,mnemonic
692,history,j,mnemonic
693,officer,—™,mnemonic
694,grow late,X,mnemonic
695,stiff,d,mnemonic
696,or again,–”,mnemonic
697,pair,‘o,mnemonic
698,mulberry,ŒK,mnemonic
699,vessels,Ç,mnemonic
700,safeguard,Œì,mnemonic
701,seize,Šl,mnemonic
702,guy,“z,mnemonic
703,angry,“{,mnemonic
704,friend,—F,mnemonic
705,slip out,”²,mnemonic
706,throw,“Š,mnemonic
707,drown,–v,mnemonic
708,establishment,İ,mnemonic
709,beat,Œ‚,mnemonic
710,husk,Šk,mnemonic
711,branch,x,mnemonic
712,skill,‹Z,mnemonic
713,bough,},mnemonic
714,limb,ˆ,mnemonic
715,stalk,Œs,mnemonic
716,suspicious,‰ö,mnemonic
717,lightly,Œy,mnemonic
718,uncle,f,mnemonic
719,coach,“Â,mnemonic
720,loneliness,â,mnemonic
721,graceful,i,mnemonic
722,anti-,”½,mnemonic
723,slope,â,mnemonic
724,plank,”Â,mnemonic
725,return,•Ô,mnemonic
726,marketing,”Ì,mnemonic
727,claw,’Ü,mnemonic
728,gentle,‘Ã,mnemonic
729,milk,“û,mnemonic
730,floating,•‚,mnemonic
731,leader,«,mnemonic
732,exhort,§,mnemonic
733,pick,Ì,mnemonic
734,vegetable,Ø,mnemonic
735,accept,ó,mnemonic
736,impart,ö,mnemonic
737,love,ˆ¤,mnemonic
738,pay,•¥,mnemonic
739,wide,L,mnemonic
740,broaden,Šg,mnemonic
741,mineral,z,mnemonic
742,valve,•Ù,mnemonic
743,masculine,—Y,mnemonic
744,pedestal,‘ä,mnemonic
745,neglect,‘Ó,mnemonic
746,reign,¡,mnemonic
747,commence,n,mnemonic
748,womb,‘Ù,mnemonic
749,window,‘‹,mnemonic
750,gone,‹,mnemonic
751,method,–@,mnemonic
752,meeting,‰ï,mnemonic
753,climax,Š,mnemonic
754,room,º,mnemonic
755,arrival,“,mnemonic
756,doth,’v,mnemonic
757,mutually,Œİ,mnemonic
758,abandon,Šü,mnemonic
759,bring up,ˆç,mnemonic
760,remove,“P,mnemonic
761,allot,[,mnemonic
762,gun,e,mnemonic
763,sulphur,—°,mnemonic
764,current,—¬,mnemonic
765,license,ˆò,mnemonic
766,tempt,´,mnemonic
767,exit,o,mnemonic
768,mountain,R,mnemonic
769,bungling,Ù,mnemonic
770,boulder,Šâ,mnemonic
771,charcoal,’Y,mnemonic
772,branch off,Šò,mnemonic
773,mountain peak,“»,mnemonic
774,crumble,•ö,mnemonic
775,secrecy,–§,mnemonic
776,honey,–¨,mnemonic
777,storm,—’,mnemonic
778,promontory,è,mnemonic
779,enter,“ü,mnemonic
780,crowded,,mnemonic
781,part,•ª,mnemonic
782,poverty,•n,mnemonic
783,partition,”Ğ,mnemonic
784,public,Œö,mnemonic
785,pine tree,¼,mnemonic
786,venerable old man,‰¥,mnemonic
787,sue,×,mnemonic
788,valley,’J,mnemonic
789,bathe,—,mnemonic
790,contain,—e,mnemonic
791,melt,—n,mnemonic
792,longing,—~,mnemonic
793,abundant,—T,mnemonic
794,lead metal,‰”,mnemonic
795,run alongside,‰ˆ,mnemonic
796,prize,Ü,mnemonic
797,party,“},mnemonic
798,public chamber,“°,mnemonic
799,usual,í,mnemonic
800,skirt,Ö,mnemonic
801,manipulate,¶,mnemonic
802,pelt,”ç,mnemonic
803,waves,”g,mnemonic
804,old woman,”k,mnemonic
805,expose,”â,mnemonic
806,rend,”j,mnemonic
807,incur,”í,mnemonic
808,remainder,c,mnemonic
809,martyrdom,},mnemonic
810,particularly,ê,mnemonic
811,augment,B,mnemonic
812,file,—ñ,mnemonic
813,split,—ô,mnemonic
814,ardent,—ó,mnemonic
815,death,€,mnemonic
816,interment,‘’,mnemonic
817,wink,u,mnemonic
818,ear,¨,mnemonic
819,take,æ,mnemonic
820,gist,ï,mnemonic
821,utmost,Å,mnemonic
822,snapshot,B,mnemonic
823,shame,’p,mnemonic
824,post,E,mnemonic
825,holy,¹,mnemonic
826,daring,Š¸,mnemonic
827,listen,’®,mnemonic
828,pocket,‰ù,mnemonic
829,ridicule,–,mnemonic
830,loose,–Ÿ,mnemonic
831,buy,”ƒ,mnemonic
832,placement,’u,mnemonic
833,penalty,”±,mnemonic
834,rather,”J,mnemonic
835,voiced,‘÷,mnemonic
836,ring,ŠÂ,mnemonic
837,send back,ŠÒ,mnemonic
838,husband,•v,mnemonic
839,aid,•},mnemonic
840,mountain stream,Œk,mnemonic
841,standard,‹K,mnemonic
842,exchange,‘Ö,mnemonic
843,approve,^,mnemonic
844,submerge,ö,mnemonic
845,lose,¸,mnemonic
846,iron,“S,mnemonic
847,transfer/alternate,“R,mnemonic
848,retainer,b,mnemonic
849,princess,•P,mnemonic
850,storehouse,‘ ,mnemonic
851,entrails,‘Ÿ,mnemonic
852,intelligent,Œ«,mnemonic
853,strict,Œ˜,mnemonic
854,look to,—Õ,mnemonic
855,perusal,——,mnemonic
856,gigantic,‹,mnemonic
857,repel,‹‘,mnemonic
858,power,—Í,mnemonic
859,male,’j,mnemonic
860,labor,˜J,mnemonic
861,recruit,•å,mnemonic
862,inferiority,—ò,mnemonic
863,achievement,Œ÷,mnemonic
864,persuade,Š©,mnemonic
865,toil,“w,mnemonic
866,encourage,—ã,mnemonic
867,add,‰Á,mnemonic
868,congratulations,‰ê,mnemonic
869,erect,‰Ë,mnemonic
870,armpit,˜e,mnemonic
871,threaten,‹º,mnemonic
872,co-,‹¦,mnemonic
873,going,s,mnemonic
874,rhythm,—¥,mnemonic
875,restore,•œ,mnemonic
876,gain,“¾,mnemonic
877,accompany,],mnemonic
878,junior,“k,mnemonic
879,wait,‘Ò,mnemonic
880,journey,‰,mnemonic
881,subjugate,ª,mnemonic
882,diameter,Œa,mnemonic
883,he,”Ş,mnemonic
884,duty,–ğ,mnemonic
885,benevolence,“¿,mnemonic
886,penetrate,“O,mnemonic
887,indications,’¥,mnemonic
888,penal,’¦,mnemonic
889,delicate,”÷,mnemonic
890,boulevard,ŠX,mnemonic
891,equilibrium,t,mnemonic
892,draft,e,mnemonic
893,earnings,‰Ò,mnemonic
894,extent,’ö,mnemonic
895,tax,Å,mnemonic
896,immature,’t,mnemonic
897,harmony,˜a,mnemonic
898,shift,ˆÚ,mnemonic
899,second,•b,mnemonic
900,autumn,H,mnemonic
901,distress,D,mnemonic
902,private,„,mnemonic
903,regularity,’,mnemonic
904,secret,”é,mnemonic
905,appellation,Ì,mnemonic
906,profit,—˜,mnemonic
907,pear tree,—œ,mnemonic
908,harvest,Šn,mnemonic
909,ear of a plant,•ä,mnemonic
910,rice plant,ˆî,mnemonic
911,incense,,mnemonic
912,seasons,‹G,mnemonic
913,committee,ˆÏ,mnemonic
914,excel,G,mnemonic
915,transparent,“§,mnemonic
916,entice,—U,mnemonic
917,cereals,’,mnemonic
918,germ,‹Û,mnemonic
919,rice,•Ä,mnemonic
920,flour,•²,mnemonic
921,sticky,”S,mnemonic
922,grains,—±,mnemonic
923,cosmetics,Ï,mnemonic
924,astray,–À,mnemonic
925,chic,ˆ,mnemonic
926,provisions,—Æ,mnemonic
927,chrysanthemum,‹e,mnemonic
928,core,‰œ,mnemonic
929,number,”,mnemonic
930,watchtower,˜O,mnemonic
931,sort,—Ş,mnemonic
932,lacquer,½,mnemonic
933,Esq.,—l,mnemonic
934,request,‹,mnemonic
935,ball,‹…,mnemonic
936,salvation,‹~,mnemonic
937,bamboo,’|,mnemonic
938,laugh,Î,mnemonic
939,bamboo hat,Š},mnemonic
940,bamboo grass,ù,mnemonic
941,muscle,‹Ø,mnemonic
942,box,” ,mnemonic
943,writing brush,•M,mnemonic
944,cylinder,“›,mnemonic
945,etc.,“™,mnemonic
946,calculate,Z,mnemonic
947,solution,“š,mnemonic
948,scheme,ô,mnemonic
949,register,•ë,mnemonic
950,fabricate,’z,mnemonic
951,person,l,mnemonic
952,assistant,²,mnemonic
953,however,’A,mnemonic
954,dwell,Z,mnemonic
955,rank,ˆÊ,mnemonic
956,go-between,’‡,mnemonic
957,body,‘Ì,mnemonic
958,permanence/remote,—I,mnemonic
959,affair,Œ,mnemonic
960,attend,d,mnemonic
961,other,‘¼,mnemonic
962,prostrated,•š,mnemonic
963,transmit,“`,mnemonic
964,Buddha,•§,mnemonic
965,rest,‹x,mnemonic
966,sham/provisional,‰¼,mnemonic
967,chief,”Œ,mnemonic
968,vulgar,‘­,mnemonic
969,faith,M,mnemonic
970,excellent,‰À,mnemonic
971,reliant,ˆË,mnemonic
972,example,—á,mnemonic
973,individual,ŒÂ,mnemonic
974,healthy,Œ’,mnemonic
975,side,‘¤,mnemonic
976,waiter,˜,mnemonic
977,halt,’â,mnemonic
978,price,’l,mnemonic
979,emulate,•í,mnemonic
980,overthrow,“|,mnemonic
981,spy,’ã,mnemonic
982,Buddhist priest,‘m,mnemonic
983,hundred-million,‰­,mnemonic
984,ceremony,‹V,mnemonic
985,reparation,,mnemonic
986,hermit,å,mnemonic
987,sponsor,Ã,mnemonic
988,humanity,m,mnemonic
989,scorn,•,mnemonic
990,use,g,mnemonic
991,convenience,•Ö,mnemonic
992,double,”{,mnemonic
993,tenderness,—D,mnemonic
994,fell,”°,mnemonic
995,inn,h,mnemonic
996,wound,,mnemonic
997,protect,•Û,mnemonic
998,praise,–J,mnemonic
999,greatness,Œ†,mnemonic
1000,adhere,•t,mnemonic
1001,token,•„,mnemonic
1002,borough/municipality,•{,mnemonic
1003,responsibility,”C,mnemonic
1004,fare,’À,mnemonic
1005,substitute,‘ã,mnemonic
1006,sack,‘Ü,mnemonic
1007,lend,‘İ,mnemonic
1008,change,‰»,mnemonic
1009,flower,‰Ô,mnemonic
1010,freight,‰İ,mnemonic
1011,lean,ŒX,mnemonic
1012,what,‰½,mnemonic
1013,baggage,‰×,mnemonic
1014,sagacious,r,mnemonic
1015,bystander,–T,mnemonic
1016,long time,‹v,mnemonic
1017,furrow,¤,mnemonic
1018,captured,ú,mnemonic
1019,inside,“à,mnemonic
1020,third-class,•¸,mnemonic
1021,design,•¿,mnemonic
1022,meat,“÷,mnemonic
1023,rot,•…,mnemonic
1024,squat/sit,À,mnemonic
1025,graduate,‘²,mnemonic
1026,umbrella,P,mnemonic
1027,monme,–æ,mnemonic
1028,by means of,ˆÈ,mnemonic
1029,becoming/similar,—,mnemonic
1030,join,•¹,mnemonic
1031,tile,Š¢,mnemonic
1032,flower pot,•r,mnemonic
1033,Shinto shrine,‹{,mnemonic
1034,occupation,‰c,mnemonic
1035,virtuous,‘P,mnemonic
1036,year,”N,mnemonic
1037,night,–é,mnemonic
1038,fluid,‰t,mnemonic
1039,hillock,úœ,mnemonic
1040,cash,•¼,mnemonic
1041,abuse,•¾,mnemonic
1042,yell,Š«,mnemonic
1043,interchange,Š·,mnemonic
1044,dissolve,—Z,mnemonic
1045,alms,{,mnemonic
1046,rotation,ù,mnemonic
1047,play,—V,mnemonic
1048,trip,—·,mnemonic
1049,not,–Ü,mnemonic
1050,thing,•¨,mnemonic
1051,easy,ˆÕ,mnemonic
1052,grant,’,mnemonic
1053,urine,”A,mnemonic
1054,nun,“ò,mnemonic
1055,mud,“D,mnemonic
1056,fence,•»,mnemonic
1057,footgear,—š,mnemonic
1058,roof,‰®,mnemonic
1059,grip,ˆ¬,mnemonic
1060,yield,‹ü,mnemonic
1061,dig,Œ@,mnemonic
1062,ditch,–x,mnemonic
1063,reside,‹,mnemonic
1064,set,˜,mnemonic
1065,stratum,‘w,mnemonic
1066,bureau,‹Ç,mnemonic
1067,slow,’x,mnemonic
1068,leak,˜R,mnemonic
1069,printing,ü,mnemonic
1070,shaku,Ú,mnemonic
1071,exhaust,s,mnemonic
1072,swamp,‘ò,mnemonic
1073,translate,–ó,mnemonic
1074,choose,‘ğ,mnemonic
1075,daytime,’‹,mnemonic
1076,door,ŒË,mnemonic
1077,shoulder,Œ¨,mnemonic
1078,tassel,–[,mnemonic
1079,fan,î,mnemonic
1080,hearth,˜F,mnemonic
1081,re-,–ß,mnemonic
1082,tears,—Ü,mnemonic
1083,employ,ŒÙ,mnemonic
1084,look back,ŒÚ,mnemonic
1085,disclose,Œ[,mnemonic
1086,show,¦,mnemonic
1087,salute/salutation,—ç,mnemonic
1088,auspicious,Ë,mnemonic
1089,celebrate,j,mnemonic
1090,blessing,•Ÿ,mnemonic
1091,welfare,ƒ,mnemonic
1092,company,Ğ,mnemonic
1093,inspection,‹,mnemonic
1094,Nara,“Ş,mnemonic
1095,military officer,ˆÑ,mnemonic
1096,consolation,ˆÔ,mnemonic
1097,goodwill,Š¼,mnemonic
1098,prohibition,‹Ö,mnemonic
1099,collar,‹İ,mnemonic
1100,religion,@,mnemonic
1101,adore,’,mnemonic
1102,ritual,Õ,mnemonic
1103,guess,@,mnemonic
1104,grate,C,mnemonic
1105,wherefore,—R,mnemonic
1106,pluck,’Š,mnemonic
1107,oil,–û,mnemonic
1108,sleeve,‘³,mnemonic
1109,mid-air,’ˆ,mnemonic
1110,deliver,“Í,mnemonic
1111,flute,“J,mnemonic
1112,axis,²,mnemonic
1113,armor,b,mnemonic
1114,push,‰Ÿ,mnemonic
1115,headland,–¦,mnemonic
1116,insert,‘},mnemonic
1117,speaketh,\,mnemonic
1118,expand,L,mnemonic
1119,gods,_,mnemonic
1120,search,‘{,mnemonic
1121,fruit,‰Ê,mnemonic
1122,candy,‰Ù,mnemonic
1123,chapter,‰Û,mnemonic
1124,naked,—‡,mnemonic
1125,axe,‹Ò,mnemonic
1126,chop,Í,mnemonic
1127,place,Š,mnemonic
1128,pray,‹F,mnemonic
1129,near,‹ß,mnemonic
1130,fold,Ü,mnemonic
1131,philosophy,“N,mnemonic
1132,departed,À,mnemonic
1133,vow,¾,mnemonic
1134,temporarily,b,mnemonic
1135,steadily,‘Q,mnemonic
1136,severance,’f,mnemonic
1137,substance,¿,mnemonic
1138,reject,Ë,mnemonic
1139,accusation,‘i,mnemonic
1140,yesterday,ğ,mnemonic
1141,lie,¼,mnemonic
1142,make,ì,mnemonic
1143,snow,á,mnemonic
1144,record,˜^,mnemonic
1145,inquire,q,mnemonic
1146,hurry,‹},mnemonic
1147,calm,‰¸,mnemonic
1148,encroach,N,mnemonic
1149,immersed,Z,mnemonic
1150,lie down,Q,mnemonic
1151,lady,•w,mnemonic
1152,sweep,‘|,mnemonic
1153,hit,“–,mnemonic
1154,contend,‘ˆ,mnemonic
1155,clean,ò,mnemonic
1156,matter,–,mnemonic
1157,T'ang,“‚,mnemonic
1158,sugar,“œ,mnemonic
1159,ease/sane,N,mnemonic
1160,apprehend,‘ß,mnemonic
1161,Italy,ˆÉ,mnemonic
1162,old boy,ŒN,mnemonic
1163,flock,ŒQ,mnemonic
1164,#NAME?,‘Ï,mnemonic
1165,demand,ù,mnemonic
1166,Confucian,ò,mnemonic
1167,edge,’[,mnemonic
1168,both,—¼,mnemonic
1169,full,–,mnemonic
1170,brush stroke,‰æ,mnemonic
1171,tooth,•,mnemonic
1172,bend,‹È,mnemonic
1173,cadet,‘‚,mnemonic
1174,encounter,‘˜,mnemonic
1175,rowing,‘†,mnemonic
1176,vat,‘…,mnemonic
1177,Big Dipper,“l,mnemonic
1178,fee,—¿,mnemonic
1179,department,‰È,mnemonic
1180,map,},mnemonic
1181,utilize,—p,mnemonic
1182,commonplace/comfortable,—f,mnemonic
1183,equip,”õ,mnemonic
1184,once upon a time,Ì,mnemonic
1185,confused,ö,mnemonic
1186,borrow,Ø,mnemonic
1187,pity,É,mnemonic
1188,set aside,‘[,mnemonic
1189,scatter,U,mnemonic
1190,twenty,“ù,mnemonic
1191,commoner,,mnemonic
1192,intercept,Õ,mnemonic
1193,seat,È,mnemonic
1194,degrees,“x,mnemonic
1195,transit,“n,mnemonic
1196,bustle,–z,mnemonic
1197,erupt,•¬,mnemonic
1198,tomb,•­,mnemonic
1199,aroused,•®,mnemonic
1200,bake,Ä,mnemonic
1201,daybreak,‹Å,mnemonic
1202,half,”¼,mnemonic
1203,consort,”º,mnemonic
1204,paddy-ridge,”È,mnemonic
1205,judgment,”»,mnemonic
1206,ticket,Œ”,mnemonic
1207,scroll,Šª,mnemonic
1208,sphere,Œ—,mnemonic
1209,victory,Ÿ,mnemonic
1210,wisteria,“¡,mnemonic
1211,mimeograph/facsimile,“£,mnemonic
1212,one-sided,•Ğ,mnemonic
1213,printing-block,”Å,mnemonic
1214,of,”V,mnemonic
1215,destitution,–R,mnemonic
1216,turf,Å,mnemonic
1217,negative,•s,mnemonic
1218,negate,”Û,mnemonic
1219,cupfuls,”t,mnemonic
1220,dart,–î,mnemonic
1221,rectify,‹¸,mnemonic
1222,tribe,‘°,mnemonic
1223,know,’m,mnemonic
1224,wisdom,’q,mnemonic
1225,halberd,–µ,mnemonic
1226,tender,_,mnemonic
1227,task,–±,mnemonic
1228,fog,–¶,mnemonic
1229,squad,”Ç,mnemonic
1230,homecoming,‹A,mnemonic
1231,bow,‹|,mnemonic
1232,pull,ˆø,mnemonic
1233,condolences,’¢,mnemonic
1234,vast,O,mnemonic
1235,strong,‹­,mnemonic
1236,weak,ã,mnemonic
1237,seethe,•¦,mnemonic
1238,expense,”ï,mnemonic
1239,No.,‘æ,mnemonic
1240,younger brother,’í,mnemonic
1241,adroit,I,mnemonic
1242,nickname,†,mnemonic
1243,decay,‹€,mnemonic
1244,boast,ŒÖ,mnemonic
1245,dirty,‰˜,mnemonic
1246,bestow,—^,mnemonic
1247,copy,Ê,mnemonic
1248,somebody,g,mnemonic
1249,shoot,Ë,mnemonic
1250,apologize,Ó,mnemonic
1251,old man,˜V,mnemonic
1252,consider,l,mnemonic
1253,filial piety,F,mnemonic
1254,teach,‹³,mnemonic
1255,torture,‰,mnemonic
1256,someone,Ò,mnemonic
1257,boil,Ï,mnemonic
1258,renowned,’˜,mnemonic
1259,signature,,mnemonic
1260,sultry,‹,mnemonic
1261,various,”,mnemonic
1262,boar,’–,mnemonic
1263,strand,,mnemonic
1264,gamble,“q,mnemonic
1265,gorge,‹¬,mnemonic
1266,cramped,‹·,mnemonic
1267,sandwiched,‹²,mnemonic
1268,chase,’Ç,mnemonic
1269,expert,t,mnemonic
1270,commander,ƒ,mnemonic
1271,bureaucrat,Š¯,mnemonic
1272,coffin,Š»,mnemonic
1273,pipe,ŠÇ,mnemonic
1274,father,•ƒ,mnemonic
1275,mingle,Œğ,mnemonic
1276,merit,Œø,mnemonic
1277,contrast,Šr,mnemonic
1278,exam,Z,mnemonic
1279,leg,‘«,mnemonic
1280,stimulate,‘£,mnemonic
1281,long-distance,‹—,mnemonic
1282,path,˜H,mnemonic
1283,dew,˜I,mnemonic
1284,hop,’µ,mnemonic
1285,leap,–ô,mnemonic
1286,tread,‘H,mnemonic
1287,step,“¥,mnemonic
1288,skeleton,œ,mnemonic
1289,slippery,ŠŠ,mnemonic
1290,marrow,‘,mnemonic
1291,calamity,‰Ğ,mnemonic
1292,whirlpool,‰Q,mnemonic
1293,overdo,‰ß,mnemonic
1294,Heights,ã,mnemonic
1295,Africa,ˆ¢,mnemonic
1296,occasion,Û,mnemonic
1297,hinder,á,mnemonic
1298,follow,,mnemonic
1299,obeisance/auxiliary,”†,mnemonic
1300,sunshine,—z,mnemonic
1301,exhibit/line,up,mnemonic
1302,ward off,–h,mnemonic
1303,affixed,•,mnemonic
1304,Inst.,‰@,mnemonic
1305,camp,w,mnemonic
1306,regiment,‘à,mnemonic
1307,crash,’Ä,mnemonic
1308,descend,~,mnemonic
1309,storey,ŠK,mnemonic
1310,highness,•Ã,mnemonic
1311,neighboring,—×,mnemonic
1312,isolate,Šu,mnemonic
1313,conceal,‰B,mnemonic
1314,degenerate,‘Â,mnemonic
1315,collapse,Š×,mnemonic
1316,hole,ŒŠ,mnemonic
1317,empty,‹ó,mnemonic
1318,withdraw,T,mnemonic
1319,stab,“Ë,mnemonic
1320,research,‹†,mnemonic
1321,plug up,’‚,mnemonic
1322,stealth,Ş,mnemonic
1323,depression,ŒE,mnemonic
1324,squeeze,ï,mnemonic
1325,kiln,—q,mnemonic
1326,hard-up,‹‡,mnemonic
1327,grope,’T,mnemonic
1328,deep,[,mnemonic
1329,hill,‹u,mnemonic
1330,Point,Šx,mnemonic
1331,soldier,•º,mnemonic
1332,seacoast,•l,mnemonic
1333,thread,…,mnemonic
1334,weave,D,mnemonic
1335,darning,‘U,mnemonic
1336,shrink,k,mnemonic
1337,luxuriant,”É,mnemonic
1338,vertical,c,mnemonic
1339,line,ü,mnemonic
1340,tighten,’÷,mnemonic
1341,fiber,ˆÛ,mnemonic
1342,gauze,—…,mnemonic
1343,practice,—û,mnemonic
1344,thong,,mnemonic
1345,continue,‘±,mnemonic
1346,picture,ŠG,mnemonic
1347,overall,“,mnemonic
1348,strangle,i,mnemonic
1349,salary,‹‹,mnemonic
1350,entwine,—,mnemonic
1351,tie,Œ‹,mnemonic
1352,end,I,mnemonic
1353,class,‹‰,mnemonic
1354,chronicle,‹I,mnemonic
1355,crimson,g,mnemonic
1356,settlement,”[,mnemonic
1357,spinning,–a,mnemonic
1358,distract,•´,mnemonic
1359,introduce,Ğ,mnemonic
1360,sutra,Œo,mnemonic
1361,sire,a,mnemonic
1362,promise,–ñ,mnemonic
1363,dainty,×,mnemonic
1364,accumulate,—İ,mnemonic
1365,cord,õ,mnemonic
1366,general,‘,mnemonic
1367,cotton,–È,mnemonic
1368,silk,Œ¦,mnemonic
1369,winding,ŒJ,mnemonic
1370,inherit,Œp,mnemonic
1371,green,—Î,mnemonic
1372,affinity,‰,mnemonic
1373,netting,–Ô,mnemonic
1374,tense,‹Ù,mnemonic
1375,purple,‡,mnemonic
1376,truss,”›,mnemonic
1377,straw-rope,“ê,mnemonic
1378,infancy,—c,mnemonic
1379,behind,Œã,mnemonic
1380,seclude/faint,—H,mnemonic
1381,how many,Šô,mnemonic
1382,mechanism,‹@,mnemonic
1383,mysterious,Œº,mnemonic
1384,livestock,’{,mnemonic
1385,amass,’~,mnemonic
1386,bowstring,Œ·,mnemonic
1387,hug,—i,mnemonic
1388,nourishing, ,mnemonic
1389,mercy,œ,mnemonic
1390,magnet,¥,mnemonic
1391,lineage,Œn,mnemonic
1392,person-in-charge,ŒW,mnemonic
1393,grandchild,‘·,mnemonic
1394,suspend,Œœ,mnemonic
1395,instead,‹p,mnemonic
1396,skids/shins,‹r,mnemonic
1397,wholesale,‰µ,mnemonic
1398,honorable,Œä,mnemonic
1399,clothing,•,mnemonic
1400,fate,–½,mnemonic
1401,orders,—ß,mnemonic
1402,zero,—ë,mnemonic
1403,age,—î,mnemonic
1404,cool,—â,mnemonic
1405,jurisdiction,—Ì,mnemonic
1406,small bell,—é,mnemonic
1407,courage,—E,mnemonic
1408,traffic,’Ê,mnemonic
1409,jump,—x,mnemonic
1410,doubt,‹^,mnemonic
1411,mimic,‹[,mnemonic
1412,congeal,‹Ã,mnemonic
1413,pattern,”Í,mnemonic
1414,crime,”Æ,mnemonic
1415,unlucky,–ï,mnemonic
1416,dangerous,Šë,mnemonic
1417,address,ˆ¶,mnemonic
1418,arm,˜r,mnemonic
1419,garden,‰‘,mnemonic
1420,grudge,‰…,mnemonic
1421,willow,–ö,mnemonic
1422,egg,—‘,mnemonic
1423,detain,—¯,mnemonic
1424,trade,–f,mnemonic
1425,stamp,ˆó,mnemonic
1426,entertain,‹»,mnemonic
1427,sign of the bird,“Ñ,mnemonic
1428,sake,ğ,mnemonic
1429,bartending,Ş,mnemonic
1430,fermentation,y,mnemonic
1431,cruel,“,mnemonic
1432,repay,V,mnemonic
1433,dairy products,—,mnemonic
1434,vinegar,|,mnemonic
1435,drunk,Œ,mnemonic
1436,distribute,”z,mnemonic
1437,acid,_,mnemonic
1438,furthermore/waver,—P,mnemonic
1439,revered,‘¸,mnemonic
1440,beans,“¤,mnemonic
1441,head,“ª,mnemonic
1442,short,’Z,mnemonic
1443,bountiful,–L,mnemonic
1444,drum,ŒÛ,mnemonic
1445,rejoice,Šì,mnemonic
1446,timber-trees,÷,mnemonic
1447,dish,M,mnemonic
1448,blood,ŒŒ,mnemonic
1449,basin,–~,mnemonic
1450,alliance,–¿,mnemonic
1451,steal,“,mnemonic
1452,warm,‰·,mnemonic
1453,oversee,ŠÄ,mnemonic
1454,overflow,—”,mnemonic
1455,specimen,ŠÓ,mnemonic
1456,fierce,–Ò,mnemonic
1457,boom,·,mnemonic
1458,salt,‰–,mnemonic
1459,silver,‹â,mnemonic
1460,regret/resentment,¦,mnemonic
1461,root,ª,mnemonic
1462,instant,‘¦,mnemonic
1463,baron,İ,mnemonic
1464,node,ß,mnemonic
1465,retreat,‘Ş,mnemonic
1466,limit,ŒÀ,mnemonic
1467,eyeball,Šá,mnemonic
1468,good,—Ç,mnemonic
1469,melodious,˜N,mnemonic
1470,wandering,˜Q,mnemonic
1471,daughter,–º,mnemonic
1472,eat,H,mnemonic
1473,meal,”Ñ,mnemonic
1474,drink,ˆù,mnemonic
1475,hungry,‹Q,mnemonic
1476,starve,‰ì,mnemonic
1477,decorate,ü,mnemonic
1478,Bldg.,ŠÙ,mnemonic
1479,foster,—{,mnemonic
1480,sated,–O,mnemonic
1481,previously,Šù,mnemonic
1482,outline,ŠT,mnemonic
1483,rue,ŠS,mnemonic
1484,even,•½,mnemonic
1485,call,ŒÄ,mnemonic
1486,two-mat-area,’Ø,mnemonic
1487,evaluate,•],mnemonic
1488,reap,Š ,mnemonic
1489,hope,Šó,mnemonic
1490,villain,‹¥,mnemonic
1491,bosom,‹¹,mnemonic
1492,detach,—£,mnemonic
1493,kill,E,mnemonic
1494,genuine,ƒ,mnemonic
1495,dull,“İ,mnemonic
1496,spicy,h,mnemonic
1497,resign,«,mnemonic
1498,catalpa,ˆ²,mnemonic
1499,superintend,É,mnemonic
1500,wall,•Ç,mnemonic
1501,evade,”ğ,mnemonic
1502,new,V,mnemonic
1503,fuel/firewood,d,mnemonic
1504,parent,e,mnemonic
1505,happiness,K,mnemonic
1506,tenacious,·,mnemonic
1507,report,•ñ,mnemonic
1508,shout,‹©,mnemonic
1509,twist,‹Š,mnemonic
1510,income,û,mnemonic
1511,lowly,”Ú,mnemonic
1512,tombstone,”è,mnemonic
1513,land,—¤,mnemonic
1514,intimate,–r,mnemonic
1515,forces,¨,mnemonic
1516,heat,”M,mnemonic
1517,diamond,•H,mnemonic
1518,mausoleum,—Ë,mnemonic
1519,sign of the hog,ˆå,mnemonic
1520,nucleus,Šj,mnemonic
1521,engrave,,mnemonic
1522,above-stated,ŠY,mnemonic
1523,censure,ŠN,mnemonic
1524,mention,q,mnemonic
1525,art,p,mnemonic
1526,cold,Š¦,mnemonic
1527,brew,ø,mnemonic
1528,defer,÷,mnemonic
1529,lot,ë,mnemonic
1530,lass,ì,mnemonic
1531,poison,“Å,mnemonic
1532,elementary,‘f,mnemonic
1533,barley,”,mnemonic
1534,blue,Â,mnemonic
1535,refined,¸,mnemonic
1536,solicit,¿,mnemonic
1537,feelings,î,mnemonic
1538,clear up,°,mnemonic
1539,pure,´,mnemonic
1540,quiet,Ã,mnemonic
1541,blame,Ó,mnemonic
1542,exploits,Ñ,mnemonic
1543,volume,Ï,mnemonic
1544,bond,Â,mnemonic
1545,pickling,’Ğ,mnemonic
1546,surface,•\,mnemonic
1547,bag,•U,mnemonic
1548,undefiled,Œ‰,mnemonic
1549,pledge,Œ_,mnemonic
1550,consume,‹i,mnemonic
1551,harm,ŠQ,mnemonic
1552,control,Š,mnemonic
1553,proportion,Š„,mnemonic
1554,constitution,Œ›,mnemonic
1555,life,¶,mnemonic
1556,star,¯,mnemonic
1557,surname,©,mnemonic
1558,sex,«,mnemonic
1559,animal sacrifice,µ,mnemonic
1560,products,Y,mnemonic
1561,hump,—²,mnemonic
1562,summit,•ô,mnemonic
1563,sew,–D,mnemonic
1564,worship,”q,mnemonic
1565,longevity,õ,mnemonic
1566,casting,’’,mnemonic
1567,enroll,Ğ,mnemonic
1568,springtime,t,mnemonic
1569,camellia,’Ö,mnemonic
1570,peaceful,‘×,mnemonic
1571,play music,‘t,mnemonic
1572,reality,À,mnemonic
1573,observance/dedicate,•ò,mnemonic
1574,stipend,•î,mnemonic
1575,rod,–_,mnemonic
1576,discreet,‹Ş,mnemonic
1577,diligence,‹Î,mnemonic
1578,Sino-,Š¿,mnemonic
1579,sigh,’Q,mnemonic
1580,difficult,“ï,mnemonic
1581,splendor,‰Ø,mnemonic
1582,droop,‚,mnemonic
1583,drowsy,‡,mnemonic
1584,spindle,,mnemonic
1585,ride,æ,mnemonic
1586,surplus,è,mnemonic
1587,now,¡,mnemonic
1588,include,ŠÜ,mnemonic
1589,versify,‹á,mnemonic
1590,wish,”O,mnemonic
1591,harp,‹Õ,mnemonic
1592,shade,‰A,mnemonic
1593,beforehand,—\,mnemonic
1594,preface,˜,mnemonic
1595,deposit,—a,mnemonic
1596,plains,–ì,mnemonic
1597,concurrently,Œ“,mnemonic
1598,dislike,Œ™,mnemonic
1599,sickle,Š™,mnemonic
1600,self-effacing,Œª,mnemonic
1601,bargain,—õ,mnemonic
1602,west,¼,mnemonic
1603,value,‰¿,mnemonic
1604,need,—v,mnemonic
1605,loins,˜,mnemonic
1606,ballot,•[,mnemonic
1607,drift,•Y,mnemonic
1608,signpost,•W,mnemonic
1609,chestnut,ŒI,mnemonic
1610,transition,‘J,mnemonic
1611,capsize,•¢,mnemonic
1612,smoke,‰Œ,mnemonic
1613,south,“ì,mnemonic
1614,camphor tree,“í,mnemonic
1615,offering,Œ£,mnemonic
1616,gates,–å,mnemonic
1617,question,–â,mnemonic
1618,review,‰{,mnemonic
1619,clique,”´,mnemonic
1620,interval,ŠÔ,mnemonic
1621,simplicity,ŠÈ,mnemonic
1622,open,ŠJ,mnemonic
1623,closed,•Â,mnemonic
1624,tower,Št,mnemonic
1625,leisure,ŠÕ,mnemonic
1626,hear,•·,mnemonic
1627,wet,,mnemonic
1628,column,—“,mnemonic
1629,fight,“¬,mnemonic
1630,godown,‘q,mnemonic
1631,genesis,‘n,mnemonic
1632,un-,”ñ,mnemonic
1633,haiku,”o,mnemonic
1634,repudiate,”r,mnemonic
1635,sad,”ß,mnemonic
1636,guilt,ß,mnemonic
1637,comrade,”y,mnemonic
1638,front door,”à,mnemonic
1639,marquis,Œò,mnemonic
1640,climate,Œó,mnemonic
1641,decide,Œˆ,mnemonic
1642,cheerful,‰õ,mnemonic
1643,admirable,ˆÌ,mnemonic
1644,difference,ˆá,mnemonic
1645,horizontal,ˆÜ,mnemonic
1646,defense,‰q,mnemonic
1647,Korea,ŠØ,mnemonic
1648,dry,Š±,mnemonic
1649,liver,ŠÌ,mnemonic
1650,publish,Š§,mnemonic
1651,sweat,Š¾,mnemonic
1652,flats,Œ¬,mnemonic
1653,beach,Šİ,mnemonic
1654,tree-trunk,Š²,mnemonic
1655,potato,ˆğ,mnemonic
1656,eaves,‰F,mnemonic
1657,too much,—],mnemonic
1658,exclude,œ,mnemonic
1659,gradually,™,mnemonic
1660,confer,–,mnemonic
1661,route,“r,mnemonic
1662,diagonal,Î,mnemonic
1663,paint,“h,mnemonic
1664,bundle,‘©,mnemonic
1665,trust,—Š,mnemonic
1666,rapids,£,mnemonic
1667,imperial order,’º,mnemonic
1668,alienate,‘a,mnemonic
1669,quick,‘¬,mnemonic
1670,organize,®,mnemonic
1671,sabre/saber,Œ•,mnemonic
1672,precipitous,Œ¯,mnemonic
1673,examination,ŒŸ,mnemonic
1674,frugal,Œ,mnemonic
1675,heavy,d,mnemonic
1676,move,“®,mnemonic
1677,meritorious deed,ŒM,mnemonic
1678,work,“­,mnemonic
1679,species,í,mnemonic
1680,collide,Õ,mnemonic
1681,fragrant,ŒO,mnemonic
1682,ill,•a,mnemonic
1683,stupid,’s,mnemonic
1684,pox,“—,mnemonic
1685,symptoms,Ç,mnemonic
1686,rapidly,¾,mnemonic
1687,diarrhea,—Ÿ,mnemonic
1688,exhausted/tired,”æ,mnemonic
1689,epidemic,‰u,mnemonic
1690,pain,’É,mnemonic
1691,mannerism,•È,mnemonic
1692,hide,“½,mnemonic
1693,artisan, ,mnemonic
1694,doctor,ˆã,mnemonic
1695,equal,•C,mnemonic
1696,ward,‹æ,mnemonic
1697,hinge,•,mnemonic
1698,assault,‰£,mnemonic
1699,Europe,‰¢,mnemonic
1700,repress,—},mnemonic
1701,face-up,‹Â,mnemonic
1702,welcome,Œ},mnemonic
1703,ascend,“o,mnemonic
1704,lucidity,Ÿ,mnemonic
1705,discharge,”­,mnemonic
1706,abolish,”p,mnemonic
1707,colleague,—»,mnemonic
1708,dormitory,—¾,mnemonic
1709,heal,—Ã,mnemonic
1710,carve,’¤,mnemonic
1711,shape,Œ`,mnemonic
1712,shadow,‰e,mnemonic
1713,cedar,™,mnemonic
1714,coloring,Ê,mnemonic
1715,patent,²,mnemonic
1716,lad,•F,mnemonic
1717,face,Šç,mnemonic
1718,ought,{,mnemonic
1719,swell,–c,mnemonic
1720,nonplussed/visit,Q,mnemonic
1721,wretched,S,mnemonic
1722,discipline,C,mnemonic
1723,rare,’¿,mnemonic
1724,check-up,f,mnemonic
1725,sentence,•¶,mnemonic
1726,vis-a-vis,‘Î,mnemonic
1727,family crest,–ä,mnemonic
1728,mosquito,‰á,mnemonic
1729,adjusted,Ä,mnemonic
1730,dose,Ü,mnemonic
1731,finish,Ï,mnemonic
1732,purification,Ö,mnemonic
1733,solemn,l,mnemonic
1734,bases,—Û,mnemonic
1735,music,Šy,mnemonic
1736,medicine,–ò,mnemonic
1737,ratio,—¦,mnemonic
1738,astringent,a,mnemonic
1739,vicarious,Û,mnemonic
1740,center,‰›,mnemonic
1741,England,‰p,mnemonic
1742,reflect,‰f,mnemonic
1743,red,Ô,mnemonic
1744,pardon,Í,mnemonic
1745,unusual,•Ï,mnemonic
1746,tracks,Õ,mnemonic
1747,barbarian,”Ø,mnemonic
1748,romance,—ö,mnemonic
1749,gulf,˜p,mnemonic
1750,yellow,‰©,mnemonic
1751,sideways,‰¡,mnemonic
1752,grasp,”c,mnemonic
1753,color,F,mnemonic
1754,discontinue,â,mnemonic
1755,glossy,‰,mnemonic
1756,fertilizer,”ì,mnemonic
1757,sweet,ŠÃ,mnemonic
1758,navy blue,®,mnemonic
1759,so-and-so,–^,mnemonic
1760,conspire,–d,mnemonic
1761,mediator,”},mnemonic
1762,deceit,‹\,mnemonic
1763,chess-piece,Šû,mnemonic
1764,national flag,Šø,mnemonic
1765,period,Šú,mnemonic
1766,Go,Œé,mnemonic
1767,fundamentals,Šî,mnemonic
1768,tremendously,r,mnemonic
1769,intuition,Š¨,mnemonic
1770,withstand,Š¬,mnemonic
1771,precious,‹M,mnemonic
1772,bequeath,ˆâ,mnemonic
1773,dispatch,Œ­,mnemonic
1774,dance,•‘,mnemonic
1775,nothingness,–³,mnemonic
1776,association,‘g,mnemonic
1777,coarse,‘e,mnemonic
1778,tariff,‘d,mnemonic
1779,ancestor,‘c,mnemonic
1780,thwart,‘j,mnemonic
1781,investigate,¸,mnemonic
1782,help,•,mnemonic
1783,best regards,‹X,mnemonic
1784,tatami mat,ô,mnemonic
1785,row,•À,mnemonic
1786,universal,•,mnemonic
1787,musical score,•ˆ,mnemonic
1788,damp,¼,mnemonic
1789,appear,Œ°,mnemonic
1790,slender,‘@,mnemonic
1791,spirits,—ì,mnemonic
1792,business/profession,‹Æ,mnemonic
1793,slap,–o,mnemonic
1794,me,–l,mnemonic
1795,together,‹¤,mnemonic
1796,submit,‹Ÿ,mnemonic
1797,uncommon,ˆÙ,mnemonic
1798,wing,—ƒ,mnemonic
1799,deluge,^,mnemonic
1800,harbor,`,mnemonic
1801,outburst,–\,mnemonic
1802,bomb,”š,mnemonic
1803,respect,‹±,mnemonic
1804,elect,‘I,mnemonic
1805,Mr.,“a,mnemonic
1806,well,ˆä,mnemonic
1807,surround,ˆÍ,mnemonic
1808,till,k,mnemonic
1809,Asia,ˆŸ,mnemonic
1810,bad,ˆ«,mnemonic
1811,circle,‰~,mnemonic
1812,angle,Šp,mnemonic
1813,contact,G,mnemonic
1814,unravel,‰ğ,mnemonic
1815,again,Ä,mnemonic
1816,lecture,u,mnemonic
1817,subscription,w,mnemonic
1818,posture,\,mnemonic
1819,gutter,a,mnemonic
1820,argument,˜_,mnemonic
1821,ethics,—Ï,mnemonic
1822,wheel,—Ö,mnemonic
1823,partial,•Î,mnemonic
1824,everywhere,•Õ,mnemonic
1825,compilation,•Ò,mnemonic
1826,tome,û,mnemonic
1827,code,“T,mnemonic
1828,family name,,mnemonic
1829,paper,†,mnemonic
1830,marriage,¥,mnemonic
1831,lower,’á,mnemonic
1832,resist,’ï,mnemonic
1833,bottom,’ê,mnemonic
1834,people,–¯,mnemonic
1835,sleep,–°,mnemonic
1836,catch,•ß,mnemonic
1837,bay,‰Y,mnemonic
1838,bullrush,Š—,mnemonic
1839,shop,•Ü,mnemonic
1840,supplement,•â,mnemonic
1841,residence,“@,mnemonic
1842,enclosure,Šs,mnemonic
1843,county,ŒS,mnemonic
1844,outskirts,x,mnemonic
1845,section,•”,mnemonic
1846,metropolis,“s,mnemonic
1847,mail,—X,mnemonic
1848,home country,–M,mnemonic
1849,home town,‹½,mnemonic
1850,echo,‹¿,mnemonic
1851,son,˜Y,mnemonic
1852,corridor,˜L,mnemonic
1853,shield,‚,mnemonic
1854,sequential,z,mnemonic
1855,faction,”h,mnemonic
1856,vein,–¬,mnemonic
1857,masses,O,mnemonic
1858,parcel post,’ü,mnemonic
1859,grade,’i,mnemonic
1860,forge,’b,mnemonic
1861,empress,@,mnemonic
1862,phantasm,Œ¶,mnemonic
1863,director,i,mnemonic
1864,pay respects,f,mnemonic
1865,part of speech,Œ,mnemonic
1866,domesticate,”,mnemonic
1867,heir,k,mnemonic
1868,boat,M,mnemonic
1869,liner,”•,mnemonic
1870,navigate,q,mnemonic
1871,carrier,”Ê,mnemonic
1872,tray,”Õ,mnemonic
1873,conveyor,”À,mnemonic
1874,ship,‘D,mnemonic
1875,warship,ŠÍ,mnemonic
1876,rowboat,’ø,mnemonic
1877,melon,‰Z,mnemonic
1878,arc,ŒÊ,mnemonic
1879,orphan,ŒÇ,mnemonic
1880,cocoon,–š,mnemonic
1881,benefit,‰v,mnemonic
1882,spare-time,‰É,mnemonic
1883,spread,•~,mnemonic
1884,come,—ˆ,mnemonic
1885,spirit,‹C,mnemonic
1886,vapor,‹D,mnemonic
1887,fly,”ò,mnemonic
1888,sink,’¾,mnemonic
1889,wife,È,mnemonic
1890,decline,Š,mnemonic
1891,inmost,’,mnemonic
1892,mask,–Ê,mnemonic
1893,leather,Šv,mnemonic
1894,shoes,ŒC,mnemonic
1895,hegemony,”e,mnemonic
1896,voice,º,mnemonic
1897,give,Œà,mnemonic
1898,recreation,Œâ,mnemonic
1899,mistake,Œë,mnemonic
1900,steam,ö,mnemonic
1901,acquiesce,³,mnemonic
1902,bin,”Ÿ,mnemonic
1903,poles,‹É,mnemonic
1904,tusk,‰å,mnemonic
1905,bud,‰è,mnemonic
1906,wicked,×,mnemonic
1907,gracious,‰ë,mnemonic
1908,explanation,ß,mnemonic
1909,turn,”Ô,mnemonic
1910,hearing,R,mnemonic
1911,flip,–|,mnemonic
1912,clan,”Ë,mnemonic
1913,fur,–Ñ,mnemonic
1914,decrease,–Õ,mnemonic
1915,tail,”ö,mnemonic
1916,home,‘î,mnemonic
1917,consign,‘õ,mnemonic
1918,do,ˆ×,mnemonic
1919,falsehood,‹U,mnemonic
1920,long,’·,mnemonic
1921,lengthen,’£,mnemonic
1922,notebook,’ ,mnemonic
1923,dilate,’¯,mnemonic
1924,hair of the head,”¯,mnemonic
1925,unfold,“W,mnemonic
1926,miss,‘r,mnemonic
1927,nest,‘ƒ,mnemonic
1928,simple,’P,mnemonic
1929,war,í,mnemonic
1930,Zen,‘T,mnemonic
1931,bullet,’e,mnemonic
1932,cherry tree,÷,mnemonic
1933,animal,b,mnemonic
1934,brain,”],mnemonic
1935,trouble,”Y,mnemonic
1936,stern,Œµ,mnemonic
1937,chain,½,mnemonic
1938,raise,‹“,mnemonic
1939,reputation,—_,mnemonic
1940,game-hunting,—Â,mnemonic
1941,bird,’¹,mnemonic
1942,chirp,–Â,mnemonic
1943,crane,’ß,mnemonic
1944,crow,‰G,mnemonic
1945,vine,’Ó,mnemonic
1946,pigeon,”µ,mnemonic
1947,chicken,Œ{,mnemonic
1948,island,“‡,mnemonic
1949,warmth,’g,mnemonic
1950,beautiful woman,•Q,mnemonic
1951,abet,‰‡,mnemonic
1952,slacken,ŠÉ,mnemonic
1953,belong,‘®,mnemonic
1954,entrust,ú,mnemonic
1955,accidentally,‹ô,mnemonic
1956,interview,‹ö,mnemonic
1957,foolish,‹ğ,mnemonic
1958,corner,‹÷,mnemonic
1959,inverted,‹t,mnemonic
1960,model,‘Y,mnemonic
1961,Mount,‰ª,mnemonic
1962,steel,|,mnemonic
1963,hawser,j,mnemonic
1964,sturdy,„,mnemonic
1965,tin can,ŠÊ,mnemonic
1966,pottery,“©,mnemonic
1967,swing,—h,mnemonic
1968,Noh-chanting,—w,mnemonic
1969,concerning,A,mnemonic
1970,sociable,§,mnemonic
1971,groundbreaking,¤,mnemonic
1972,excuse,–Æ,mnemonic
1973,deviate/elude,ˆí,mnemonic
1974,nightfall,”Ó,mnemonic
1975,exertion,•×,mnemonic
1976,elephant,Û,mnemonic
1977,statue,‘œ,mnemonic
1978,horse,”n,mnemonic
1979,pony,‹î,mnemonic
1980,verification,Œ±,mnemonic
1981,equestrian,‹R,mnemonic
1982,stop-over/parking,’“,mnemonic
1983,drive,‹ì,mnemonic
1984,station,‰w,mnemonic
1985,boisterous,‘›,mnemonic
1986,burdensome,‘Ê,mnemonic
1987,wonder,‹Á,mnemonic
1988,fervent,“Ä,mnemonic
1989,inflation,“«,mnemonic
1990,tiger,ŒÕ,mnemonic
1991,captive,—¸,mnemonic
1992,skin,•†,mnemonic
1993,void,‹•,mnemonic
1994,frolic,‹Y,mnemonic
1995,uneasiness,‹ñ,mnemonic
1996,prudence,—¶,mnemonic
1997,drama,Œ€,mnemonic
1998,tyrannize,‹s,mnemonic
1999,deer,­,mnemonic
2000,recommend,‘E,mnemonic
2001,jubilation,Œc,mnemonic
2002,lovely,—í,mnemonic
2003,bear,ŒF,mnemonic
2004,ability,”\,mnemonic
2005,attitude,‘Ô,mnemonic
2006,sign of the tiger,“Ğ,mnemonic
2007,performance,‰‰,mnemonic
2008,sign of the dragon,’C,mnemonic
2009,embarrass,J,mnemonic
2010,quake,k,mnemonic
2011,shake,U,mnemonic
2012,with child,P,mnemonic
2013,lips,O,mnemonic
2014,agriculture,”_,mnemonic
2015,concentrated,”Z,mnemonic
2016,escort/send off,‘—,mnemonic
2017,connection,ŠÖ,mnemonic
2018,blossom,ç,mnemonic
2019,ghost,‹S,mnemonic
2020,ugly,X,mnemonic
2021,soul,°,mnemonic
2022,witch,–‚,mnemonic
2023,fascination,–£,mnemonic
2024,clod,‰ò,mnemonic
2025,attack,P,mnemonic
2026,menacing/upbraid,Šd,mnemonic
2027,majestic plural,’½,mnemonic
2028,atmosphere,•µ,mnemonic
2029,item,‰Ó,mnemonic
2030,tempering,˜B,mnemonic
2031,abide by,…,mnemonic
2032,quit,”ë,mnemonic
2033,barracks,“Ô,mnemonic
2034,moreover,Š,mnemonic
2035,seaweed,‘”,mnemonic
2036,slave,—ê,mnemonic
2037,healing,–ü,mnemonic
2038,rust-colored/cinnabar,’O,mnemonic
2039,lagoon,Šƒ,mnemonic
2040,sign of the cow,‰N,mnemonic
2041,sign of the hare,‰K,mnemonic
2042,sign of the snake,–¤,mnemonic
